country,country_code,year,gdp_pc,gov_effect,pop,log_gdp_pc,log_pop,new_arms_tiv,second_hand_arms_tiv,recurrence
Afghanistan,AFG,2002,338.139973643387,-1.58768701553345,21378117.0,5.823459932962957,16.877878386717132,0.0,34.4,0
Afghanistan,AFG,2005,363.640141436773,-1.2288156747818,24404567.0,5.896164756200818,17.01028084488006,3.0,30.4,0
Afghanistan,AFG,2006,367.75831169358,-1.47365152835846,25424094.0,5.907425960704261,17.051207865045694,0.0,3.36,0
Afghanistan,AFG,2007,410.757728879097,-1.44011056423187,25909852.0,6.018003573244542,17.070133840441702,0.0,75.11000000000001,0
Afghanistan,AFG,2008,417.647282647498,-1.52779507637024,26482622.0,6.034637254889591,17.091999302258,615.55,77.36,0
Afghanistan,AFG,2009,488.830652491949,-1.50775218009949,27466101.0,6.192016115571962,17.12846311133932,29.0,159.04,0
Afghanistan,AFG,2010,542.871030476037,-1.47831559181213,28284089.0,6.296871778787796,17.15780997835667,72.5,5.8,0
Afghanistan,AFG,2011,525.42698276582,-1.47410047054291,29347708.0,6.264211232548303,17.194725009195857,720.1899999999999,164.69000000000003,0
Afghanistan,AFG,2012,568.929021458341,-1.37553513050079,30560034.0,6.343755683741355,17.23520363482742,223.53,0.0,0
Afghanistan,AFG,2013,580.603833333096,-1.40146291255951,31622704.0,6.364068653933694,17.26938590158588,174.7,47.599999999999994,0
Afghanistan,AFG,2014,575.146245808546,-1.36164617538452,32792523.0,6.354624348994881,17.30571109005108,299.9,0.0,0
Afghanistan,AFG,2015,565.569730408751,-1.39739489555359,33831764.0,6.337833595485375,17.33691068246577,32.65,41.620000000000005,0
Afghanistan,AFG,2016,563.872336723147,-1.29146802425385,34700612.0,6.334827872548525,17.362267881649167,328.49,0.0,0
Afghanistan,AFG,2017,562.769574140988,-1.38659679889679,35688935.0,6.3328702621956765,17.390351254729715,62.79,227.37,0
Afghanistan,AFG,2018,553.125151688293,-1.50175786018372,36743039.0,6.315584290000878,17.419459350715854,642.2,87.0,0
Afghanistan,AFG,2019,557.861533207459,-1.5191125869751,37856121.0,6.32411078321368,17.44930324207805,1.4,13.6,0
Afghanistan,AFG,2020,527.834554499306,-1.61153948307037,39068979.0,6.2687828908525365,17.480839334107248,30.4,0.0,0
Algeria,DZA,1996,3322.9553813945,-1.08876645565033,29033044.0,8.10860984105846,17.183945187548133,64.95,0.0,0
Algeria,DZA,1998,3410.88254399624,-0.883071959018707,30054133.0,8.13472634734797,17.218510746925688,2.8,187.92,0
Algeria,DZA,2000,3553.32420521282,-1.01074934005737,30903893.0,8.175638840158976,17.246392720987288,181.73,294.86,0
Algeria,DZA,2002,3754.66081539402,-0.614207327365875,31750835.0,8.23075323132847,17.273429582169754,397.7,0.0,0
Algeria,DZA,2004,4066.28204806069,-0.559222877025604,32628286.0,8.310484359234692,17.300690138841695,22.04,0.96,0
Algeria,DZA,2005,4223.60252134721,-0.446233421564102,33109249.0,8.348443720898564,17.315323227296997,95.7,18.82,0
Algeria,DZA,2006,4279.61547125531,-0.438161790370941,33623506.0,8.361618441375056,17.330735963672414,1210.0,0.0,0
Algeria,DZA,2007,4339.25055772185,-0.537276387214661,34189416.0,8.375456929630532,17.34742668045176,137.5,0.0,0
Algeria,DZA,2008,4367.56538019901,-0.603184521198273,34816961.0,8.38196101160401,17.365615211068654,2421.5,0.0,0
Algeria,DZA,2009,4336.10054056598,-0.534546136856079,35490445.0,8.374730730250562,17.384774063287377,10.5,0.0,0
Algeria,DZA,2010,4456.61027416201,-0.395901709794998,36188236.0,8.402143727831445,17.404244651605342,780.05,0.0,0
Algeria,DZA,2011,4501.35430135827,-0.520578742027283,36903376.0,8.412133586337674,17.423813595340658,1128.0,0.0,0
Algeria,DZA,2012,4518.4397895726,-0.447385340929031,37646166.0,8.415922033940094,17.443741674355557,1178.45,0.0,0
Algeria,DZA,2013,4543.23444004859,-0.431544005870819,38414171.0,8.421394469105143,17.463936985939082,140.6,0.0,0
Algeria,DZA,2014,4634.10149183949,-0.339864790439606,39205031.0,8.441197606314741,17.484315638362318,392.9500000000001,0.0,0
Algeria,DZA,2015,4685.05902729002,-0.410829484462738,40019529.0,8.452133793801268,17.504878117935164,2647.3,0.0,0
Algeria,DZA,2016,4768.73140080218,-0.464708805084229,40850721.0,8.469835594800193,17.525435029053327,2197.45,0.0,0
Algeria,DZA,2017,4742.90075536604,-0.537024140357971,41689299.0,8.464404201215492,17.54575503513178,623.3,0.0,0
Algeria,DZA,2018,4717.00358853556,-0.488536387681961,42505035.0,8.458929044050468,17.565133097465793,768.15,0.0,0
Algeria,DZA,2020,4363.68533766912,-0.573643207550049,44042091.0,8.381072240244517,17.60065634825567,770.0,0.0,0
Angola,AGO,1996,1867.93503101029,-0.859939992427826,14170973.0,7.532588838210873,16.466706275505636,0.0,80.6,0
Angola,AGO,1998,1961.03722525713,-1.05510711669922,15159370.0,7.581228808809205,16.534129380586762,75.8,43.28,1
Angola,AGO,2000,1932.98847886814,-1.07503414154053,16194869.0,7.566822518956808,16.60020502163852,97.8,104.4,0
Angola,AGO,2002,2139.87259662901,-1.13215708732605,17327699.0,7.668501571958152,16.66781687734258,0.0,104.4,1
Angola,AGO,2003,2128.19579323903,-1.12422430515289,17943712.0,7.663029854330097,16.702750305120254,3.85,0.0,0
Angola,AGO,2004,2277.86696532928,-1.32887244224548,18600423.0,7.730994742534139,16.73869488036032,0.0,17.240000000000002,0
Angola,AGO,2007,2983.0418728513,-1.20500719547272,20778561.0,8.000698821577242,16.84943229195936,6.25,5.8,1
Angola,AGO,2016,3020.98332805417,-0.971493542194366,29183070.0,8.01333766268696,17.18909930457212,54.75,74.88,1
Angola,AGO,2017,2911.60084214038,-0.951988995075226,30234839.0,7.97645832648035,17.22450542672075,31.5,413.88,0
Angola,AGO,2019,2664.43850995544,-1.1284898519516,32375632.0,7.887748623953354,17.29291659902896,34.0,6.73,1
Angola,AGO,2020,2433.37637275564,-1.25748455524445,33451132.0,7.797035025745776,17.325596185520457,49.2,1.44,0
Azerbaijan,AZE,2005,2631.85145279408,-0.741808712482452,8391850.0,7.875442851944449,15.942771554732651,0.0,71.62,1
Azerbaijan,AZE,2008,4693.07707968116,-0.785877287387848,8763400.0,8.453843740053564,15.986094515464323,7.9,24.67,1
Azerbaijan,AZE,2012,5194.92091665083,-0.790763437747955,9295784.0,8.555436680443604,16.04507152200353,213.8,7.6,1
Azerbaijan,AZE,2014,5506.18169600319,-0.313590198755264,9535079.0,8.613626684795415,16.07048808224715,79.5,0.0,1
Azerbaijan,AZE,2015,5500.50364628486,-0.258792459964752,9649341.0,8.61259493907989,16.08240018082785,431.0,0.0,0
Azerbaijan,AZE,2016,5270.738165712,-0.159376382827759,9757812.0,8.569925701121672,16.09357875292924,198.4,0.0,0
Azerbaijan,AZE,2017,5229.7098898586,-0.171380609273911,9854033.0,8.562111085130104,16.10339137097429,160.60000000000002,44.96,0
Azerbaijan,AZE,2020,5083.56025445721,-0.15526370704174,10093121.0,8.533767132592194,16.12736466065602,28.8,0.0,0
Bangladesh,BGD,2005,739.203718353409,-0.918954312801361,144715786.0,6.6055735505548245,18.790282280329965,11.7,0.0,0
Bangladesh,BGD,2006,779.419570444998,-0.838699102401733,146405973.0,6.658549502218567,18.80189395783955,233.44,0.0,0
Bangladesh,BGD,2016,1299.83091360792,-0.705847561359406,160811932.0,7.169989468534807,18.89574611593626,252.84,92.4,0
Bangladesh,BGD,2017,1373.75363740186,-0.752013146877289,162186147.0,7.225302153504579,18.90425528909315,239.4,0.0,0
Burkina Faso,BFA,2018,694.492813126351,-0.644067406654358,20438288.0,6.543181813870662,16.832920562453385,20.98,9.9,1
Burkina Faso,BFA,2019,717.021595096634,-0.7781862616539,20961952.0,6.575105958830349,16.8582195428518,3.84,0.0,0
Burkina Faso,BFA,2020,713.8421779224,-0.708106637001038,21478690.0,6.570661898582423,16.88257183878054,0.0,1.8,0
Burundi,BDI,1998,322.030961886279,-1.6014848947525,6187108.0,5.774647695848152,15.637978330316807,12.0,0.0,0
Burundi,BDI,2002,305.4383585397,-1.50260782241821,6824132.0,5.721747985878725,15.73597571146012,0.0,3.4,0
Burundi,BDI,2015,280.966831311923,-1.23757755756378,11047580.0,5.6382366243308475,16.217721957418156,0.0,1.4,0
Burundi,BDI,2019,261.750180238427,-1.37481689453125,12255336.0,5.567390538340388,16.32147199194916,2.0,0.0,1
Cameroon,CMR,2015,1415.00009710569,-0.833807587623596,22763414.0,7.254884878703265,16.94066515597353,5.92,4.279999999999999,1
Cameroon,CMR,2016,1435.61830727839,-0.822786748409271,23454161.0,7.269350911545437,16.97055847848031,0.08,22.02,0
Cameroon,CMR,2017,1444.90682916573,-0.861256957054138,24128601.0,7.2758001203817315,16.99890845829923,0.0,7.92,0
Cameroon,CMR,2018,1461.01969999317,-0.857635021209717,24806383.0,7.286889895570244,17.02661155705117,2.56,0.0,0
Cameroon,CMR,2019,1470.31785276187,-0.866082966327667,25506095.0,7.293233882767849,17.05442800117586,0.0,4.0,1
Cameroon,CMR,2020,1434.51913723409,-0.931410908699036,26210558.0,7.268584976032392,17.081672864657097,2.5,0.0,0
Central African Republic,CAF,2006,439.294330902768,-1.47496902942657,4377579.0,6.085169646056144,15.292006389809684,0.0,9.2,1
Central African Republic,CAF,2011,532.38295493852,-1.31311178207397,4565021.0,6.277363070491019,15.333933672219684,0.0,6.8,0
Central African Republic,CAF,2018,395.020015455909,-1.7354371547699,4878657.0,5.978936435657613,15.400380535035474,1.68,0.0,1
Central African Republic,CAF,2020,398.834274122139,-1.72879374027252,5026628.0,5.988545977529536,15.430259939538695,0.0,1.2,0
Chad,TCD,1998,400.89675561707,-0.599871158599854,7938840.0,5.993703926867075,15.887277726832416,0.0,6.6,0
Chad,TCD,2006,641.784341007243,-1.46016418933868,10706424.0,6.464252329822861,16.186354493111644,17.47,0.64,0
Chad,TCD,2007,640.337914179992,-1.61005914211273,11081660.0,6.461996027921801,16.220802047556177,4.9,44.68,0
Chad,TCD,2008,637.193939261993,-1.55422186851501,11476296.0,6.45707406647464,16.25579424870998,17.919999999999998,73.60000000000001,0
Chad,TCD,2009,640.760736157705,-1.41902196407318,11893754.0,6.4626561207147395,16.291523946337627,0.0,27.11,0
Chad,TCD,2010,702.835158960433,-1.45710134506226,12312575.0,6.555122382040054,16.32613165581449,22.85,0.0,0
Chad,TCD,2015,747.588448455507,-1.49103915691376,14647621.0,6.616852623957895,16.499788491162317,1.32,0.0,0
Chad,TCD,2017,637.440946195503,-1.50938868522644,15622759.0,6.457461639323022,16.564239319300533,2.0,0.0,1
Chad,TCD,2018,631.014596004206,-1.56226944923401,16156531.0,6.4473289938175915,16.59783492217163,7.0,0.0,1
Chad,TCD,2019,630.861050028594,-1.60712659358978,16685223.0,6.447085632315446,16.630034035376468,1.12,0.0,0
Chad,TCD,2020,601.325555951846,-1.51073718070984,17224679.0,6.399136478309589,16.66185373898643,3.08,0.0,0
China,CHN,2008,4711.64344921263,0.165779024362564,1324655000.0,8.457792053795362,21.00441788512204,2135.0,0.0,0
Colombia,COL,1996,4198.69126252708,-0.45862889289856,36462745.0,8.342528151552576,17.41180161236763,20.72,17.22,0
Colombia,COL,1998,4213.82800470051,-0.325808048248291,37792165.0,8.346126778320091,17.447612363973082,66.64,48.7,0
Colombia,COL,2000,4016.80951748167,-0.403075814247131,39089934.0,8.298243214136546,17.481375549356354,21.6,22.2,0
Colombia,COL,2002,4058.28493578738,-0.487907588481903,40324680.0,8.308515733738236,17.51247424642019,203.0,12.8,0
Colombia,COL,2003,4154.17528523618,-0.221860736608505,40937429.0,8.331869200280558,17.527555337007097,67.4,24.0,0
Colombia,COL,2004,4311.91591255233,-0.215896517038345,41543171.0,8.369137611599138,17.54224370956042,0.0,11.2,0
Colombia,COL,2005,4457.27537460443,-0.197672158479691,42128977.0,8.402292955782052,17.55624635167605,17.75,4.5600000000000005,0
Colombia,COL,2006,4694.03442939175,-0.191516101360321,42691084.0,8.4540477111501,17.569500650775314,125.64,0.0,0
Colombia,COL,2007,4947.25260813108,-0.0502213798463345,43235374.0,8.506587672816924,17.582169560738237,159.3,4.0,0
Colombia,COL,2008,5048.57187245249,-0.0256232153624296,43758808.0,8.526860684740482,17.59420347621888,74.0,10.15,0
Colombia,COL,2009,5046.97121757727,-0.300557911396027,44271541.0,8.526543583446504,17.60585261322832,182.5,139.86,0
Colombia,COL,2010,5214.24547620131,-0.123824141919613,44777319.0,8.559149673592595,17.617212296864682,138.55,66.23,0
Colombia,COL,2011,5517.1011086899,-0.0504269637167454,45259614.0,8.615607839856338,17.62792566963131,133.15,6.0,0
Colombia,COL,2012,5675.75617978305,-0.0011649925727397,45715810.0,8.643959081011802,17.637954747896842,235.6,18.0,0
Colombia,COL,2013,5910.80592301166,0.0531518310308456,46151584.0,8.684537467094968,17.647441841184357,165.95,28.04,0
Colombia,COL,2014,6121.83982019825,-0.135854035615921,46565429.0,8.719617954543367,17.65636895682362,102.94,30.0,0
Colombia,COL,2015,6248.51490534512,-0.0937390848994255,46969940.0,8.740099099350715,17.66501838059125,87.3,86.8,0
Colombia,COL,2016,6316.07067782542,-0.03696658462286,47437512.0,8.750852565595604,17.67492386608452,0.8,16.8,0
Colombia,COL,2018,6353.5464285392,-0.139370113611221,49024465.0,8.75676842867108,17.707830017187547,0.0,2.6,1
Colombia,COL,2019,6439.96359812647,0.0327151045203209,49907985.0,8.77027816661759,17.725691567959988,7.25,0.0,0
Colombia,COL,2020,5891.95523215403,0.0084753185510635,50629997.0,8.681343179480681,17.740054784692685,0.9,95.2,0
Ethiopia,ETH,1998,245.504476745904,-1.19072878360748,63363524.0,5.5033151822858475,17.964398922610652,24.2,246.06,1
Ethiopia,ETH,2000,257.412698845663,-1.20650112628937,67411494.0,5.550680629009828,18.026326095467873,31.3,41.16,0
Ethiopia,ETH,2003,252.806674812797,-1.07022738456726,73832663.0,5.532625065455769,18.117311779733367,340.0,64.08,0
Ethiopia,ETH,2004,278.648105685268,-0.878722608089447,76077206.0,5.629949715805709,18.14725925102652,0.0,9.0,0
Ethiopia,ETH,2010,438.78661648794,-0.488994628190994,90538514.0,6.084013227680555,18.321285887202095,58.0,0.0,0
Ethiopia,ETH,2011,474.159034335211,-0.521041929721832,93149970.0,6.1615427808974745,18.34972133295063,0.0,76.47999999999999,0
Ethiopia,ETH,2012,500.919355284732,-0.454180359840393,95798767.0,6.216445120632662,18.37776037229459,32.0,254.35,0
Ethiopia,ETH,2013,539.072451759433,-0.620984315872192,98438751.0,6.289849980724263,18.4049450954749,57.0,40.8,0
Ethiopia,ETH,2014,578.632922927813,-0.443245232105255,101115610.0,6.360668291939156,18.431775073654595,0.0,9.6,0
Ethiopia,ETH,2016,662.32729587522,-0.714294850826263,106718162.0,6.4957598384046475,18.485701917344596,101.92,0.0,0
Ethiopia,ETH,2019,774.512169391667,-0.66142076253891,115737383.0,6.65223337231149,18.566834242829625,71.4,0.0,0
Ethiopia,ETH,2020,799.47559497498,-0.589582562446594,118917671.0,6.683956006448476,18.593941971307704,24.5,0.0,0
Georgia,GEO,2004,2105.00472843799,-0.55611526966095,3927340.0,7.65207299240279,15.183472909898889,0.0,47.98,1
Georgia,GEO,2008,2970.15858282428,0.305029034614563,3848449.0,7.996370625261619,15.16318076795237,116.15,5.35,1
Guinea,GIN,2000,614.137235083638,-0.87711489200592,8428832.0,6.42021841308073,15.947168767591052,11.2,14.64,0
India,IND,1996,654.355928429641,-0.111606687307358,979678458.0,6.483651436488936,20.702734971709337,184.1,0.0,1
India,IND,1998,695.293709344799,-0.11445739865303,1018665080.0,6.544334359666948,20.74175886198974,559.8,0.48,1
India,IND,2000,756.704109527449,-0.187351524829865,1057922733.0,6.628972304540029,20.77957313652469,954.59,3.84,1
India,IND,2002,793.615912906381,-0.189068421721458,1097600380.0,6.676599607314973,20.816392161145743,1936.35,18.18,0
India,IND,2003,841.278894571674,-0.143909424543381,1116803006.0,6.734923227556812,20.833735981587672,2143.65,108.0,1
India,IND,2004,892.596614581612,-0.179698884487152,1135991513.0,6.794134759427068,20.850771686266757,1181.5,31.2,0
India,IND,2005,947.732565646672,-0.0987746343016624,1154676322.0,6.854072358708038,20.86708590095277,8278.75,0.0,0
India,IND,2006,1008.23275343783,-0.0953764915466309,1172878890.0,6.915954328164906,20.882727153205455,1574.5,0.0,0
India,IND,2007,1069.24696813025,0.136991709470749,1190676021.0,6.97470991159236,20.89778706764467,2156.3,67.7,0
India,IND,2008,1086.50605251513,-0.0097329141572117,1207930964.0,6.990722370334562,20.912174785819342,1898.3,0.0,0
India,IND,2009,1155.10163274172,-0.0032957887742668,1225524753.0,7.051943612800449,20.926634959014873,4351.7,39.6,1
India,IND,2010,1235.15939133951,0.0316559858620167,1243481564.0,7.118955302547687,20.941180995203176,1306.75,0.0,0
India,IND,2011,1281.61054354933,0.0225540697574615,1261224954.0,7.155872803144588,20.955349271357615,1417.1,0.0,0
India,IND,2012,1333.09626557668,-0.15608711540699,1278674502.0,7.195259534807989,20.969089833017943,6710.0,0.0,0
India,IND,2013,1399.4537980287,-0.157355144619942,1295829511.0,7.243837295212061,20.982416876068697,6412.9,0.0,1
India,IND,2014,1484.31640682913,-0.222846582531929,1312277191.0,7.302709613149856,20.995029778781227,1447.95,0.0,1
India,IND,2015,1583.99815907985,0.0800815001130104,1328024498.0,7.367707410176632,21.00695833511966,1450.8,0.0,0
India,IND,2016,1694.46534973825,0.0613894164562225,1343944296.0,7.435122542173674,21.01887463175987,2484.05,0.0,0
India,IND,2017,1788.69770318446,0.0410966314375401,1359657400.0,7.489243093928637,21.03049859319457,1881.0,0.0,0
India,IND,2018,1883.35772705062,0.262917786836624,1374659064.0,7.540811487804754,21.041471583864865,1571.0,0.0,0
India,IND,2019,1936.03067741067,0.130771830677986,1389030312.0,7.568395113480953,21.05187172337467,3328.6600000000003,0.0,0
India,IND,2020,1806.50110583878,0.374532461166382,1402617695.0,7.499147162731864,21.061606109843773,1289.85,0.0,0
Indonesia,IDN,1998,1780.20049551406,-0.694517493247986,209826788.0,7.484481274872203,19.161792929283727,55.2,0.72,0
Indonesia,IDN,2000,1828.10265975051,-0.366054028272629,216077790.0,7.511033910038139,19.19114903970289,176.7,3.96,0
Indonesia,IDN,2002,1926.37435875198,-0.550523042678833,222088495.0,7.563394944577402,19.218586486532395,20.3,3.62,0
Indonesia,IDN,2003,1991.91820513763,-0.596454501152039,225048008.0,7.596853375623593,19.23182430629768,337.12,11.04,0
Indonesia,IDN,2004,2065.70617478401,-0.490505009889603,227926649.0,7.633227420196627,19.24453442024509,35.0,0.16,0
Indonesia,IDN,2005,2155.44780167098,-0.502644717693329,230871650.0,7.675753777550188,19.257372486362165,37.5,0.0,0
Indonesia,IDN,2018,3701.32155475457,0.141379877924919,269951846.0,8.216445211820504,19.413754152908577,53.57,0.48,1
Iraq,IRQ,2004,3354.26588756715,-1.61869239807129,27577878.0,8.117988214007669,17.13252448755795,79.10000000000001,12.82,1
Iraq,IRQ,2005,3310.86344473993,-1.63549697399139,28407448.0,8.104964293791246,17.16216192227012,181.95,180.28,0
Iraq,IRQ,2006,3471.98744698568,-1.73054528236389,28616515.0,8.15248246027419,17.169494556683844,223.37,489.22,0
Iraq,IRQ,2007,3565.58054079041,-1.56380665302277,28391607.0,8.179082164132152,17.161604131285365,203.03,53.64,0
Iraq,IRQ,2008,3781.78001712762,-1.2360702753067,28971036.0,8.237950081775155,17.181807130238326,113.25,5.6,0
Iraq,IRQ,2009,3768.17284328983,-1.18672871589661,30058206.0,8.234345506005615,17.21864625986942,261.15,0.0,0
Iraq,IRQ,2010,3881.94327045302,-1.1039627790451,31045366.0,8.264091150137638,17.250960112049693,853.07,16.36,0
Iraq,IRQ,2011,4030.01686860986,-1.07451224327087,32161424.0,8.301525840691239,17.286278279901737,324.2,221.2,0
Iraq,IRQ,2012,4387.90469058707,-1.05595529079437,33654842.0,8.386607100691377,17.33166749671975,323.75,1.54,0
Iraq,IRQ,2013,4504.82687537354,-1.04929423332214,35281989.0,8.412904739864173,17.37888316506473,434.75,2.02,0
Iraq,IRQ,2014,4446.97343234862,-1.05569767951965,36550059.0,8.399979016206505,17.414193358385845,1899.65,195.0,0
Iraq,IRQ,2015,4440.14189252367,-1.2022225856781,37560535.0,8.398441612691233,17.44146445607936,1069.44,202.33,0
Iraq,IRQ,2016,4932.9272911439,-1.23010790348053,38469627.0,8.503687861847576,17.465379578814563,1210.65,17.1,0
Iraq,IRQ,2017,4736.32710809857,-1.22211647033691,39337353.0,8.463017242611702,17.48768508345554,177.42000000000002,28.24,0
Iraq,IRQ,2018,4749.00921836896,-1.26693630218506,40265624.0,8.465691289665148,17.511008660421886,354.98,2.4,0
Iraq,IRQ,2019,4898.14897652181,-1.31078171730042,41192171.0,8.496612652835967,17.53375877199101,0.0,19.2,0
Iraq,IRQ,2020,4213.99843766061,-1.30339181423187,42116605.0,8.346167223614328,17.555952638942514,1.85,0.0,0
Israel,ISR,1996,26762.0191453672,0.77417254447937,5692000.0,10.194738965258416,15.55457223819188,34.75,65.8,0
Israel,ISR,1998,27545.1108182352,1.04076933860779,5971000.0,10.22358033306936,15.602424975529129,1616.85,0.0,0
Israel,ISR,2000,29352.2758538156,1.05533421039581,6289000.0,10.28712536411768,15.65431263352564,451.25,0.0,1
Israel,ISR,2002,28110.3463494109,1.03079378604889,6570000.0,10.24389298504171,15.698024390460793,589.88,100.8,0
Israel,ISR,2003,28011.8266813741,1.13986682891846,6689700.0,10.240382081457042,15.716079588049604,109.8,77.5,0
Israel,ISR,2004,28808.8298448048,1.2419970035553,6809000.0,10.268437210967866,15.733755824465105,1887.32,0.0,0
Israel,ISR,2005,29498.6336701064,1.03845989704132,6930100.0,10.2920992249877,15.751384801076403,246.4,6.0,0
Israel,ISR,2006,30599.2172149639,1.24783563613892,7053700.0,10.328729706402935,15.769062859812225,2165.0,126.0,1
Israel,ISR,2007,31871.0466312068,1.23067355155945,7180100.0,10.369453247512451,15.78682386850402,118.0,11.0,0
Israel,ISR,2009,31924.7910234896,1.27143526077271,7485600.0,10.371138135021512,15.82849173294384,55.0,0.0,0
Israel,ISR,2010,33112.7068111258,1.38622903823853,7623600.0,10.407672379272434,15.846759257042624,92.0,0.0,0
Israel,ISR,2011,34314.6503871244,1.33679676055908,7765800.0,10.443327666951168,15.865240035658584,11.0,23.8,0
Israel,ISR,2012,34542.8817579662,1.26981163024902,7910500.0,10.449956780703472,15.883701548871256,49.0,35.2,0
Israel,ISR,2014,36013.6686508041,1.20617961883545,8215700.0,10.491653830120791,15.921557515805082,1843.52,0.0,1
Israel,ISR,2018,38599.1089040283,1.16925418376923,8882800.0,10.560984469798582,15.999627380582242,101.5,0.0,1
Israel,ISR,2019,39302.6518220125,1.28858661651611,9054000.0,10.57904727196801,16.018717206978042,801.76,0.0,0
Jordan,JOR,2016,3933.14704611068,0.11637906730175,10006367.0,8.27719515950577,16.11873214835087,66.95,66.5,0
Kenya,KEN,2015,1489.11959777284,-0.393976986408234,47088526.0,7.305940350326721,17.667539919967243,1.0,0.0,0
Kenya,KEN,2016,1517.97796057742,-0.402430564165115,48139687.0,7.325134439126475,17.689617488428517,37.98,0.0,0
Kenya,KEN,2017,1542.33773973372,-0.390356600284576,49197766.0,7.341054557205019,17.711358773927564,0.0,10.3,0
Kenya,KEN,2018,1596.69045914945,-0.493653178215027,50207107.0,7.375688302972038,17.731667148346524,2.72,2.88,0
Kenya,KEN,2019,1645.70961777862,-0.441659152507782,51202827.0,7.405926948771305,17.751305303329204,22.2,1.44,0
Kenya,KEN,2020,1609.33414078281,-0.399473369121552,52217334.0,7.383575795278356,17.77092506669569,61.4,3.3,0
Lebanon,LBN,2014,7830.4151113336,-0.256652057170868,6346990.0,8.965770803075566,15.663491242739862,5.6,0.0,0
Lebanon,LBN,2015,7714.1099998804,-0.40157213807106,6472469.0,8.950806398438399,15.683068201102348,11.62,48.61,0
Lebanon,LBN,2017,8305.57405425721,-0.460771948099136,6160128.0,9.02468214118266,15.633608114514598,38.0,37.48,1
Lesotho,LSO,1998,696.935973937753,-0.0990643203258514,1998049.0,6.546693547054458,14.50768176241444,5.0,0.0,0
Liberia,LBR,2000,754.850917360951,-1.79194414615631,2928117.0,6.626520269302072,14.889870112281391,0.0,8.7,1
Libya,LBY,2011,6569.59477578957,-1.0535888671875,6343203.0,8.790207431614478,15.662894403887623,6.8,0.0,0
Libya,LBY,2013,10126.314927806,-1.31830942630768,6304628.0,9.222892752955376,15.65679452484752,46.28,12.0,1
Libya,LBY,2016,7236.16409923502,-1.75351476669312,6632126.0,8.886846524427611,15.70743597441052,2.0,0.0,0
Libya,LBY,2019,8768.4104874586,-1.77421140670776,6951033.0,9.07891082463603,15.754400839589696,33.3,0.0,1
Libya,LBY,2020,6102.79864032512,-1.85938096046448,7045399.0,8.716502738443767,15.76788533762316,0.0,0.44,0
Malaysia,MYS,2013,8964.80724896203,0.993431925773621,30174265.0,9.101061885413454,17.222499966739033,35.78,0.0,0
Mali,MLI,2007,658.457019310221,-0.760422825813293,14457775.0,6.489899248453605,16.486742890102846,0.0,9.24,1
Mali,MLI,2008,667.583424768544,-0.785017490386963,14940782.0,6.5036643633915965,16.519605079003263,0.0,5.61,0
Mali,MLI,2009,677.24304910758,-0.797493636608124,15435539.0,6.518030217505492,16.552183135943608,0.0,6.6,0
Mali,MLI,2012,664.489488855298,-0.983055293560028,16957033.0,6.4990190599022295,16.646193231986327,0.0,8.57,1
Mali,MLI,2013,660.173389348304,-0.899786651134491,17459615.0,6.492502511651738,16.6754010577317,0.22,7.2,0
Mali,MLI,2014,684.949913127196,-1.08551561832428,18020267.0,6.529345716066521,16.70700762690484,0.54,0.0,1
Mali,MLI,2016,722.812021596039,-1.02762377262115,19191289.0,6.583149190561002,16.7699670361293,14.8,10.12,0
Mali,MLI,2017,737.275674738634,-0.964268267154694,19813011.0,6.602961872099025,16.80184940106728,54.629999999999995,0.0,0
Mali,MLI,2018,748.506920372791,-1.02613079547882,20442030.0,6.618080449471973,16.833103633436856,24.28,0.0,0
Mali,MLI,2019,760.795187413671,-1.09918296337128,21068405.0,6.634364185519363,16.863285082867517,2.86,4.48,0
Mali,MLI,2020,729.061137632465,-1.18640530109406,21713836.0,6.59175759355729,16.893460219014454,31.28,0.0,0
Mauritania,MRT,2010,1460.19179652873,-0.985421478748322,3390965.0,7.286323073559861,15.036625099615406,7.2,12.0,0
Mexico,MEX,1996,8320.65295694833,0.225326701998711,92452702.0,9.026496011138272,18.342207741979298,72.0,25.76,1
Mozambique,MOZ,2013,559.393953685688,-0.635945856571198,25051611.0,6.326853972138992,17.036448694804506,0.12,9.37,1
Mozambique,MOZ,2014,585.266716133984,-0.744966745376587,25788475.0,6.372067668344984,17.065438244662896,4.2,11.5,0
Mozambique,MOZ,2016,620.779714954555,-0.946212470531464,27337105.0,6.430976292682047,17.123755494845852,36.24,0.0,1
Mozambique,MOZ,2018,621.153734194787,-0.960869610309601,29018644.0,6.431578610385618,17.183449077933016,3.45,0.0,1
Mozambique,MOZ,2019,617.13932000195,-0.909160733222961,29884380.0,6.425094800688096,17.212846493831545,22.25,0.0,0
Mozambique,MOZ,2020,591.804059985932,-0.810174465179443,30783688.0,6.383175600344625,17.242495497261075,3.0,0.0,0
Nepal,NPL,2002,556.438454538796,-0.598195910453796,25328981.0,6.32155657077898,17.047459792191155,3.65,6.04,0
Nepal,NPL,2003,570.28967363428,-0.800985097885132,25688758.0,6.3461444310974215,17.06156402225759,7.5,5.8,0
Nepal,NPL,2004,589.46992868617,-0.955853760242462,26016656.0,6.379223707117632,17.074247506263927,30.0,3.44,0
Nepal,NPL,2005,603.190108570995,-0.861349403858185,26309458.0,6.402232418301659,17.085439052272164,6.25,0.0,0
Niger,NER,2008,429.195542798877,-0.734765291213989,15361915.0,6.06191262579786,16.54740195239175,1.0,7.2,0
Niger,NER,2015,485.662574175279,-0.722630620002747,19939498.0,6.185514090947897,16.808213146654477,2.0,7.74,0
Niger,NER,2016,495.017437216008,-0.694123387336731,20685753.0,6.204592988647251,16.844955760405785,0.4,0.0,0
Niger,NER,2017,501.615305462902,-0.754679381847382,21435446.0,6.217833502136488,16.880556464888954,3.0,0.0,0
Niger,NER,2018,519.546993483886,-0.827707409858704,22188069.0,6.252957265512373,16.9150652699415,0.9,0.0,0
Niger,NER,2019,532.186024570389,-0.840266227722168,22947757.0,6.276993098466344,16.948730755489738,12.28,0.0,0
Niger,NER,2020,533.194328910254,-0.660878658294678,23717613.0,6.278885952295729,16.98172849465228,14.5,0.0,0
Nigeria,NGA,2004,1824.80269456773,-0.935620546340942,141057045.0,7.50922714760638,18.764674940992343,11.0,0.0,0
Nigeria,NGA,2009,2204.6072560373,-1.20047557353973,162049464.0,7.698304656840727,18.903412179925255,70.65,0.0,1
Nigeria,NGA,2011,2370.97657091803,-1.10223460197449,171379598.0,7.771057204497406,18.959391525537892,0.0,54.0,1
Nigeria,NGA,2012,2403.65387896923,-1.00097513198853,176200625.0,7.784745308155132,18.987133818565624,26.55,0.0,0
Nigeria,NGA,2013,2495.34106573748,-0.998286724090576,181049443.0,7.822180698537448,19.014280717672985,7.9,14.22,0
Nigeria,NGA,2014,2583.6155695814,-1.18984341621399,185896915.0,7.856945080452824,19.040702857610455,257.55,94.84,0
Nigeria,NGA,2015,2585.73360671797,-0.99655681848526,190671878.0,7.857764540382057,19.066064592470276,84.75,40.32,0
Nigeria,NGA,2016,2481.81490350326,-1.12036550045013,195443700.0,7.816745387441056,19.090782916375986,2.4,3.93,0
Nigeria,NGA,2017,2441.71236404487,-1.04120397567749,200254579.0,7.800454860691799,19.11510001006829,75.7,0.0,0
Nigeria,NGA,2018,2431.77857832567,-1.11820352077484,204938755.0,7.796378193844848,19.138221736368628,21.55,0.0,0
Nigeria,NGA,2019,2431.53528472982,-1.21315038204193,209485641.0,7.796278141245776,19.16016575559806,11.0,0.0,0
Nigeria,NGA,2020,2337.57587388074,-1.14378702640533,213996181.0,7.756869720050267,19.181468727032495,125.53,0.0,0
Pakistan,PAK,1996,1047.88663514614,-0.624154627323151,138557092.0,6.954530686459436,18.74679301526024,378.9,0.0,0
Pakistan,PAK,2004,1146.99632842666,-0.543261051177979,171286000.0,7.044901916101283,18.9588452319918,658.7,0.0,1
Pakistan,PAK,2006,1243.94142602543,-0.383815377950668,179682690.0,7.126040187002022,19.006703019902005,187.07,0.0,1
Pakistan,PAK,2007,1265.35567539842,-0.489426851272583,184493231.0,7.14310852796464,19.03312333242494,2325.1,161.9,1
Pakistan,PAK,2008,1258.05188934452,-0.73821085691452,189499113.0,7.137319683901401,19.059894901737017,428.58,10.2,0
Pakistan,PAK,2009,1269.07432116444,-0.812300384044647,194376534.0,7.146043032716872,19.08530773282805,1700.9,315.8,0
Pakistan,PAK,2010,1256.69482201323,-0.775662660598755,199239047.0,7.136240396308027,19.11001590298185,1733.85,14.4,0
Pakistan,PAK,2011,1261.83161907857,-0.833723247051239,203746065.0,7.1403196103313915,19.132384997015315,670.3,253.0,1
Pakistan,PAK,2012,1275.48806898966,-0.783729493618011,207667125.0,7.151084183551179,19.151446995143782,521.0,0.0,0
Pakistan,PAK,2013,1309.70080446386,-0.798744976520538,211073978.0,7.177553996570383,19.167719236627267,191.0,98.34,0
Pakistan,PAK,2014,1343.30778121043,-0.762600779533386,214264647.0,7.2028903446602675,19.182722477166124,438.0,117.94,0
Pakistan,PAK,2015,1380.47020838317,-0.709552943706512,217290883.0,7.230179450828166,19.196747488525045,971.03,146.18,0
Pakistan,PAK,2016,1452.18658269177,-0.700057625770569,220138869.0,7.280825687605688,19.20976912790664,522.88,25.64,0
Pakistan,PAK,2017,1495.26187528032,-0.634695649147034,223273967.0,7.310056637896352,19.223910126941952,298.8,89.44,0
Pakistan,PAK,2018,1561.68169819559,-0.666645467281342,226928892.0,7.3535185312701,19.24014727527098,529.29,7.44,0
Pakistan,PAK,2019,1573.8330826937,-0.718214333057404,230800899.0,7.36126937678076,19.257065987737946,510.3,0.0,1
Pakistan,PAK,2020,1526.00597486307,-0.571128666400909,235001746.0,7.330409127212275,19.275103501868067,1137.5,0.0,0
Papua New Guinea,PNG,1996,2492.07962762784,-0.340196430683136,4813361.0,7.82087283269855,15.386906150666762,0.75,0.0,0
Peru,PER,1996,3186.90077024092,0.0341111831367016,24811171.0,8.066804178143753,17.026804553264355,8.25,75.2,0
Peru,PER,1998,3258.29746206218,0.0721104592084885,25738095.0,8.08896008703908,17.063482748069422,22.4,12.84,0
Peru,PER,2009,4801.17153740507,-0.489155441522598,28896811.0,8.476615237408398,17.17924180097333,42.6,0.4,0
Peru,PER,2010,5167.39259325937,-0.239367961883545,29086019.0,8.550123506290927,17.185768169954812,1.2,49.6,0
Philippines,PHL,1996,1752.23800111748,-0.313254147768021,72190242.0,7.468649107656877,18.094815442374586,10.8,9.6,0
Philippines,PHL,1998,1746.52590520447,-0.0368786565959454,75791024.0,7.465383896776146,18.143490426714223,0.0,62.56,0
Philippines,PHL,2002,1837.25429294391,-0.178975060582161,83068889.0,7.516027504020163,18.23518080946315,0.0,8.38,0
Philippines,PHL,2003,1892.82162002816,-0.147018894553185,84731835.0,7.545823915405381,18.255001944968345,0.0,14.4,0
Philippines,PHL,2004,1978.3448914123,-0.221789807081223,86394504.0,7.59001586069,18.2744346206399,0.3,32.97,0
Philippines,PHL,2005,2037.8776606782,-0.0164202656596899,88015962.0,7.619664182873,18.2930287423576,6.2,0.0,0
Philippines,PHL,2006,2110.42044789942,-0.134328275918961,89508986.0,7.654642471026905,18.309849580439753,0.0,24.78,0
Philippines,PHL,2007,2209.34651092393,0.106631629168987,91075184.0,7.700452054370483,18.32719592116979,0.36,24.36,0
Philippines,PHL,2009,2256.72554844721,0.0282764304429293,94384250.0,7.721670169267328,18.362884773975512,0.18,0.84,0
Philippines,PHL,2010,2373.14312085009,0.0709009245038033,96337125.0,7.771970566816841,18.38336431649561,5.94,0.0,0
Philippines,PHL,2011,2416.75212076537,0.189581170678139,98248614.0,7.790179818872154,18.40301170174391,0.44,59.24,0
Philippines,PHL,2012,2533.74141971272,0.205686181783676,100175512.0,7.837452311361944,18.422434325529075,35.6,0.0,0
Philippines,PHL,2013,2654.41506946871,0.205928966403008,102076336.0,7.883979596585793,18.44123148349964,8.25,59.7,0
Philippines,PHL,2014,2776.92005916931,0.31771445274353,103767130.0,7.929097700133112,18.45765981187992,0.0,12.1,0
Philippines,PHL,2015,2909.85818014474,0.160157755017281,105312992.0,7.975859623632482,18.47244735031013,349.7,22.24,0
Philippines,PHL,2016,3076.33741880211,0.0184973310679197,106735719.0,8.031495018628476,18.4858664212642,174.5,89.08,0
Philippines,PHL,2017,3247.45038795053,-0.0349111147224903,108119693.0,8.085625471430532,18.49874943993083,59.75,9.78,0
Philippines,PHL,2018,3410.93647986368,0.062349122017622,109465287.0,8.134742160100332,18.511118043262737,12.74,0.0,0
Philippines,PHL,2019,3575.88170930212,0.059953011572361,110804683.0,8.181967056692065,18.523279596727264,116.36,66.0,0
Philippines,PHL,2020,3198.6669001424,0.0678123831748962,112081264.0,8.070489408283052,18.53473473758825,629.0,0.0,0
Rwanda,RWA,1996,291.210822676605,-1.14967966079712,6708764.0,5.674047481416945,15.718925289297903,3.6,0.0,1
Rwanda,RWA,1998,299.60112137886,-1.10067796707153,8081681.0,5.702451994556153,15.905110453413466,0.0,6.8,0
Rwanda,RWA,2009,557.397770789373,-0.280257672071457,10060432.0,6.323279115738403,16.124120664059795,11.0,0.0,1
Rwanda,RWA,2012,651.852778822614,-0.101652063429356,10829901.0,6.479818737078322,16.197821477661154,5.4,0.0,0
Rwanda,RWA,2018,817.57838732716,0.079555556178093,12487996.0,6.706346784813307,16.340278420869858,2.1,0.0,1
Rwanda,RWA,2019,874.639605475352,0.0928625389933586,12776103.0,6.773811922055232,16.36308703083572,0.0,0.72,0
Senegal,SEN,2011,1139.74447892639,-0.496339857578278,12958897.0,7.038559374972487,16.377293137241818,0.0,16.48,1
Somalia,SOM,2013,397.108794017201,-2.19602870941162,12869594.0,5.9842102834905875,16.37037803284317,0.0,2.94,0
Somalia,SOM,2015,445.583078625015,-2.21740865707397,13806963.0,6.099383713531651,16.440683588094597,0.0,1.25,0
Somalia,SOM,2016,458.921476933292,-2.20634460449219,14348740.0,6.128879121206275,16.47917269143678,2.08,0.0,0
Somalia,SOM,2017,506.501096987553,-2.28424668312073,14916629.0,6.227526489505846,16.517987188874176,1.8,0.0,0
Somalia,SOM,2019,494.559375806552,-2.28095054626465,16030971.0,6.203667216264262,16.590033096675104,8.16,0.0,0
Somalia,SOM,2020,463.032522124252,-2.13161373138428,16651191.0,6.137797293788379,16.627992303364,0.0,1.68,0
South Sudan,SSD,2011,2073.23981819145,-1.58625066280365,10288109.0,7.636867792281729,16.146499320271218,65.25,0.0,0
South Sudan,SSD,2012,1069.19619080938,-1.61496496200562,10756240.0,6.974662421603517,16.190996609249513,2.75,0.0,0
South Sudan,SSD,2013,1165.16202707495,-1.68036615848541,11166275.0,7.0606154353635,16.22840863288519,17.6,0.0,0
South Sudan,SSD,2014,1197.09491969479,-2.09463095664978,11235073.0,7.087653000404688,16.23455096113275,27.4,0.0,0
South Sudan,SSD,2015,1080.14718624765,-2.14958095550537,11107561.0,6.984852594395143,16.22313660556195,0.5,21.6,0
Sri Lanka,LKA,1996,1713.0273181187,-0.183629289269447,17905018.0,7.446017445726849,16.700591566719947,274.5,76.2,0
Sri Lanka,LKA,1998,1837.4826670222,-0.462085247039795,18596003.0,7.516151798129413,16.738457223117617,44.5,46.24,0
Sri Lanka,LKA,2000,1958.09806795553,-0.342374563217163,19293054.0,7.579728907615332,16.775255692723814,88.75,254.82,0
Sri Lanka,LKA,2003,2053.25202647413,-0.271150827407837,19951521.0,7.627180169579089,16.808815938995483,6.0,0.0,1
Sri Lanka,LKA,2005,2270.03856484018,-0.312482684850693,20216524.0,7.727552099247517,16.822010847777566,10.5,12.21,1
Sri Lanka,LKA,2006,2427.79314044729,-0.162567287683487,20352411.0,7.7947379510405215,16.82870993949355,72.5,20.8,0
Sri Lanka,LKA,2007,2575.07565490193,-0.0764035955071449,20492545.0,7.8536341932106755,16.83557171943225,34.9,11.0,0
Sri Lanka,LKA,2008,2710.19836602213,-0.12021116912365,20629378.0,7.904777108989062,16.842226734326303,62.23,11.0,0
Sri Lanka,LKA,2009,2788.93277634451,-0.152532562613487,20756435.0,7.93341428419771,16.848366877045493,31.5,0.0,0
Sudan,SDN,1996,908.66015625,-0.987331032752991,25231528.0,6.811971158760794,17.043604881605425,0.0,27.06,0
Sudan,SDN,2002,1185.21533203125,-1.07800042629242,29228727.0,7.077679751855402,17.190662584992968,67.5,6.24,0
Sudan,SDN,2003,1226.42077636719,-1.22070097923279,29896035.0,7.111855268352782,17.21323642087195,432.0,9.58,0
Sudan,SDN,2004,1255.67114257813,-1.15692710876465,30556637.0,7.135425483587366,17.235092470395593,108.75,0.0,0
Sudan,SDN,2005,1290.24438476563,-1.40693187713623,31262444.0,7.162586924967926,17.25792806288292,5.279999999999999,71.28,0
Sudan,SDN,2006,1336.1240234375,-1.1641184091568,31992435.0,7.197528181702272,17.28101002656564,117.3,4.4,0
Sudan,SDN,2007,1372.10961914063,-1.13222634792328,32764135.0,7.224104702427029,17.304845029985163,6.0,0.36,0
Sudan,SDN,2008,1381.62561035156,-1.28207445144653,33623980.0,7.231016063394568,17.330750060853685,61.75,69.0,0
Sudan,SDN,2009,1301.34729003906,-1.27956962585449,34569113.0,7.171155383734918,17.35847115348359,58.5,21.09,0
Sudan,SDN,2010,1311.22314453125,-1.37868785858154,35414399.0,7.17871567868571,17.382629046815502,151.5,165.2,0
Sudan,SDN,2011,1388.21813964844,-1.41596949100494,36140806.0,7.235776289848233,17.40293314503794,0.0,123.91,0
Sudan,SDN,2012,1288.25854492188,-1.43261659145355,36923178.0,7.161046620154998,17.424350041900926,88.5,0.11,0
Sudan,SDN,2013,1283.45922851563,-1.48717355728149,37785849.0,7.157314233944265,17.447445225418353,6.0,126.3,0
Sudan,SDN,2014,1307.3896484375,-1.55851590633392,38823318.0,7.175787793476717,17.47453160345916,14.4,25.6,0
Sudan,SDN,2015,1292.37963867188,-1.51124954223633,40024431.0,7.164240479161954,17.505000600631075,70.0,89.64,0
Sudan,SDN,2016,1297.15454101563,-1.55974757671356,41259892.0,7.167928329890364,17.535401448056692,27.0,2.4,0
Sudan,SDN,2017,1261.87353515625,-1.47576689720154,42714306.0,7.140352828219474,17.57004445721592,64.4,0.0,0
Sudan,SDN,2018,1185.94445800781,-1.62903344631195,44230596.0,7.0782947471016975,17.604927324770678,0.18,1.07,0
Tanzania,TZA,2020,1041.25964355469,-0.73927241563797,60972798.0,6.948186454955274,17.92593838825303,29.0,0.0,0
Thailand,THA,2003,4018.15538187068,0.305083304643631,64868166.0,8.29857821607332,17.987867552861108,4.8,0.0,0
Thailand,THA,2004,4232.77157261934,0.261547863483429,65452047.0,8.350612275591972,17.996828325614146,73.3,62.44,0
Thailand,THA,2005,4372.25730206261,0.340901643037796,66017420.0,8.383034699820561,18.005429204558766,170.0,16.0,0
Thailand,THA,2006,4551.5250018314,0.417947977781296,66567687.0,8.423217621027346,18.01372983759245,13.2,0.0,0
Thailand,THA,2007,4760.66708464831,0.285919487476349,67102394.0,8.468143081239914,18.02173027939786,7.5,0.0,0
Thailand,THA,2008,4805.76393990836,0.156943961977959,67619830.0,8.477571297301573,18.029411841191756,15.93,0.0,0
Thailand,THA,2009,4737.45679763314,0.206796795129776,68121080.0,8.463255730115991,18.036797268007714,105.94,0.0,0
Thailand,THA,2010,5059.35747831657,0.0832910686731339,68579447.0,8.528994773648948,18.043503441391152,131.95,26.8,0
Thailand,THA,2011,5070.23740191942,0.099299393594265,69007208.0,8.531142920325157,18.04972152087369,254.45,26.6,0
Thailand,THA,2012,5403.87846036273,0.130159914493561,69436098.0,8.594872208146699,18.055917434341204,192.13,26.8,0
Thailand,THA,2013,5516.61164164135,0.16293603181839,69845114.0,8.615519117762524,18.06179069132801,371.75,18.36,0
Thailand,THA,2014,5541.46599361845,0.256995350122452,70216367.0,8.620014364522413,18.06709198996938,268.27,0.0,0
Thailand,THA,2015,5688.85335397884,0.238737538456917,70540795.0,8.646263987300964,18.071701752909977,191.16,0.0,0
Thailand,THA,2016,5857.78052935926,0.22570513188839,70859841.0,8.675526061571343,18.076214413537947,273.35,0.0,0
Thailand,THA,2017,6076.74307700082,0.257845818996429,71160187.0,8.712224153308563,18.080444048639286,342.1,5.6,0
Thailand,THA,2018,6314.19948412043,0.254539996385574,71376079.0,8.75055626255621,18.083473343164187,592.04,0.0,0
Thailand,THA,2019,6434.53770518034,0.260609537363052,71522271.0,8.769435276762746,18.08551944168111,276.85,18.2,0
Thailand,THA,2020,6035.18627737077,0.201812535524368,71641484.0,8.705361999231052,18.087184849626773,52.56,7.8,0
Tunisia,TUN,2016,4015.29664102169,-0.206498697400093,11528674.0,8.29786650684508,16.26034788129522,10.18,28.8,0
Uganda,UGA,1998,487.008977266219,-0.490328997373581,22515806.0,6.188282556724227,16.929728109433714,0.0,55.1,0
Uganda,UGA,2000,509.19755319016,-0.492341905832291,24000150.0,6.232836061467779,16.993570638292688,0.0,6.0,0
Uganda,UGA,2002,547.405338919875,-0.48123624920845,25532870.0,6.305189549792256,17.055477199663965,20.7,12.62,0
Uganda,UGA,2004,585.339489080616,-0.471558660268784,27154515.0,6.372192002124185,17.117053888860724,0.75,39.18,0
Uganda,UGA,2005,604.404813057618,-0.572079658508301,27963289.0,6.404244193731566,17.146403100743647,3.75,1.86,0
Uganda,UGA,2006,650.270540867444,-0.581117987632751,28794003.0,6.477388493014676,17.175677694256805,0.0,5.0,0
Uganda,UGA,2007,684.542241787248,-0.451820909976959,29653430.0,6.528750354712275,17.20508835968521,0.0,0.28,0
Uganda,UGA,2008,722.565167003452,-0.620234608650208,30539553.0,6.582807612463694,17.234533221105405,13.5,0.0,0
Uganda,UGA,2009,749.342865535423,-0.670799374580383,31451151.0,6.619196643174824,17.263946138215285,11.85,17.48,0
Uganda,UGA,2010,768.624091660131,-0.572281301021576,32390802.0,6.64460202250046,17.29338505156959,100.2,23.34,0
Uganda,UGA,2011,816.516366587228,-0.559457004070282,33354543.0,6.705046957019458,17.322704542937604,567.4,0.0,0
Uganda,UGA,2014,845.978664791099,-0.540372133255005,36395539.0,6.74049414036517,17.409956770151442,6.9,0.0,0
Uganda,UGA,2015,862.934610355811,-0.575544655323029,37531446.0,6.760338918057234,17.440689699545633,2.0,3.9,0
Uganda,UGA,2016,874.648370639216,-0.632310152053833,38799152.0,6.773821943462781,17.47390894868456,0.12,0.0,0
Uganda,UGA,2017,871.093880017151,-0.632979094982147,40177388.0,6.769749755220039,17.508814907771583,20.76,0.0,0
Uganda,UGA,2018,895.07512785438,-0.692296266555786,41565831.0,6.796907656488682,17.542789017529863,0.35,12.32,0
Uganda,UGA,2019,920.939101515671,-0.648660719394684,42999637.0,6.82539391193632,17.57670223176174,0.0,53.07,0
Ukraine,UKR,2014,2308.6435546875,-0.39884689450264,45972380.0,7.744415425280027,17.643551339337606,6.24,0.0,0
Ukraine,UKR,2015,2094.47387695313,-0.554407000541687,45784896.0,7.647057668097867,17.639464813035094,7.56,26.6,0
Ukraine,UKR,2018,2308.6669921875,-0.459631830453873,45208907.0,7.744425577293742,17.6268046829113,7.3,74.46,0
Ukraine,UKR,2019,2398.07836914063,-0.334266752004623,44957458.0,7.782423016096244,17.621227222805405,28.8,6.4,0
Ukraine,UKR,2020,2324.107421875,-0.410091131925583,44680014.0,7.751091339741339,17.615036845504527,8.1,13.32,0
United Kingdom,GBR,1998,36446.26168577,1.86216461658478,58487141.0,10.503594172115982,17.88431747607408,716.0,0.0,1
